SCF Table,!Calculation,Year,Loan Type,Characteristic,Sub-Characteristic,Distribution by Debt Type for Families with Installment Debt
15,Internal-Nominal,1989,Education,,All families,0.111
15,Internal-Nominal,1989,Vehicle,,All families,0.594
15,Internal-Nominal,1989,Other,,All families,0.295
15,Internal-Nominal,1992,Education,,All families,0.21
15,Internal-Nominal,1992,Vehicle,,All families,0.563
15,Internal-Nominal,1992,Other,,All families,0.227
15,Internal-Nominal,1995,Education,,All families,0.218
15,Internal-Nominal,1995,Vehicle,,All families,0.6
15,Internal-Nominal,1995,Other,,All families,0.182
15,Internal-Nominal,1998,Education,,All families,0.24
15,Internal-Nominal,1998,Vehicle,,All families,0.548
15,Internal-Nominal,1998,Other,,All families,0.212
15,Internal-Nominal,2001,Education,,All families,0.239
15,Internal-Nominal,2001,Vehicle,,All families,0.584
15,Internal-Nominal,2001,Other,,All families,0.177
15,Internal-Nominal,2004,Education,,All families,0.26
15,Internal-Nominal,2004,Vehicle,,All families,0.555
15,Internal-Nominal,2004,Other,,All families,0.185
15,Internal-Nominal,2007,Education,,All families,0.332
15,Internal-Nominal,2007,Vehicle,,All families,0.517
15,Internal-Nominal,2007,Other,,All families,0.151
15,Internal-Nominal,2010,Education,,All families,0.451
15,Internal-Nominal,2010,Vehicle,,All families,0.393
15,Internal-Nominal,2010,Other,,All families,0.156
15,Internal-Nominal,2013,Education,,All families,0.487
15,Internal-Nominal,2013,Vehicle,,All families,0.379
15,Internal-Nominal,2013,Other,,All families,0.135
15,Internal-Nominal,2016,Education,,All families,0.504
15,Internal-Nominal,2016,Vehicle,,All families,0.383
15,Internal-Nominal,2016,Other,,All families,0.113
15,Internal-Nominal,1989,Education,Percentile of income,Less than 20,0.395
15,Internal-Nominal,1989,Vehicle,Percentile of income,Less than 20,0.321
15,Internal-Nominal,1989,Other,Percentile of income,Less than 20,0.284
15,Internal-Nominal,1992,Education,Percentile of income,Less than 20,0.357
15,Internal-Nominal,1992,Vehicle,Percentile of income,Less than 20,0.282
15,Internal-Nominal,1992,Other,Percentile of income,Less than 20,0.362
15,Internal-Nominal,1995,Education,Percentile of income,Less than 20,0.391
15,Internal-Nominal,1995,Vehicle,Percentile of income,Less than 20,0.353
15,Internal-Nominal,1995,Other,Percentile of income,Less than 20,0.256
15,Internal-Nominal,1998,Education,Percentile of income,Less than 20,0.45
15,Internal-Nominal,1998,Vehicle,Percentile of income,Less than 20,0.348
15,Internal-Nominal,1998,Other,Percentile of income,Less than 20,0.203
15,Internal-Nominal,2001,Education,Percentile of income,Less than 20,0.315
15,Internal-Nominal,2001,Vehicle,Percentile of income,Less than 20,0.397
15,Internal-Nominal,2001,Other,Percentile of income,Less than 20,0.288
15,Internal-Nominal,2004,Education,Percentile of income,Less than 20,0.558
15,Internal-Nominal,2004,Vehicle,Percentile of income,Less than 20,0.339
15,Internal-Nominal,2004,Other,Percentile of income,Less than 20,0.104
15,Internal-Nominal,2007,Education,Percentile of income,Less than 20,0.47
15,Internal-Nominal,2007,Vehicle,Percentile of income,Less than 20,0.244
15,Internal-Nominal,2007,Other,Percentile of income,Less than 20,0.286
15,Internal-Nominal,2010,Education,Percentile of income,Less than 20,0.407
15,Internal-Nominal,2010,Vehicle,Percentile of income,Less than 20,0.291
15,Internal-Nominal,2010,Other,Percentile of income,Less than 20,0.303
15,Internal-Nominal,2013,Education,Percentile of income,Less than 20,0.498
15,Internal-Nominal,2013,Vehicle,Percentile of income,Less than 20,0.1
15,Internal-Nominal,2013,Other,Percentile of income,Less than 20,0.402
15,Internal-Nominal,2016,Education,Percentile of income,Less than 20,0.648
15,Internal-Nominal,2016,Vehicle,Percentile of income,Less than 20,0.192
15,Internal-Nominal,2016,Other,Percentile of income,Less than 20,0.16
15,Internal-Nominal,1989,Education,Percentile of income,20–39.9,0.139
15,Internal-Nominal,1989,Vehicle,Percentile of income,20–39.9,0.48
15,Internal-Nominal,1989,Other,Percentile of income,20–39.9,0.381
15,Internal-Nominal,1992,Education,Percentile of income,20–39.9,0.219
15,Internal-Nominal,1992,Vehicle,Percentile of income,20–39.9,0.47
15,Internal-Nominal,1992,Other,Percentile of income,20–39.9,0.311
15,Internal-Nominal,1995,Education,Percentile of income,20–39.9,0.308
15,Internal-Nominal,1995,Vehicle,Percentile of income,20–39.9,0.493
15,Internal-Nominal,1995,Other,Percentile of income,20–39.9,0.199
15,Internal-Nominal,1998,Education,Percentile of income,20–39.9,0.335
15,Internal-Nominal,1998,Vehicle,Percentile of income,20–39.9,0.526
15,Internal-Nominal,1998,Other,Percentile of income,20–39.9,0.139
15,Internal-Nominal,2001,Education,Percentile of income,20–39.9,0.284
15,Internal-Nominal,2001,Vehicle,Percentile of income,20–39.9,0.529
15,Internal-Nominal,2001,Other,Percentile of income,20–39.9,0.186
15,Internal-Nominal,2004,Education,Percentile of income,20–39.9,0.306
15,Internal-Nominal,2004,Vehicle,Percentile of income,20–39.9,0.405
15,Internal-Nominal,2004,Other,Percentile of income,20–39.9,0.289
15,Internal-Nominal,2007,Education,Percentile of income,20–39.9,0.298
15,Internal-Nominal,2007,Vehicle,Percentile of income,20–39.9,0.439
15,Internal-Nominal,2007,Other,Percentile of income,20–39.9,0.263
15,Internal-Nominal,2010,Education,Percentile of income,20–39.9,0.442
15,Internal-Nominal,2010,Vehicle,Percentile of income,20–39.9,0.322
15,Internal-Nominal,2010,Other,Percentile of income,20–39.9,0.236
15,Internal-Nominal,2013,Education,Percentile of income,20–39.9,0.535
15,Internal-Nominal,2013,Vehicle,Percentile of income,20–39.9,0.325
15,Internal-Nominal,2013,Other,Percentile of income,20–39.9,0.14
15,Internal-Nominal,2016,Education,Percentile of income,20–39.9,0.573
15,Internal-Nominal,2016,Vehicle,Percentile of income,20–39.9,0.29
15,Internal-Nominal,2016,Other,Percentile of income,20–39.9,0.137
15,Internal-Nominal,1989,Education,Percentile of income,40–59.9,0.115
15,Internal-Nominal,1989,Vehicle,Percentile of income,40–59.9,0.592
15,Internal-Nominal,1989,Other,Percentile of income,40–59.9,0.294
15,Internal-Nominal,1992,Education,Percentile of income,40–59.9,0.335
15,Internal-Nominal,1992,Vehicle,Percentile of income,40–59.9,0.432
15,Internal-Nominal,1992,Other,Percentile of income,40–59.9,0.232
15,Internal-Nominal,1995,Education,Percentile of income,40–59.9,0.241
15,Internal-Nominal,1995,Vehicle,Percentile of income,40–59.9,0.571
15,Internal-Nominal,1995,Other,Percentile of income,40–59.9,0.188
15,Internal-Nominal,1998,Education,Percentile of income,40–59.9,0.275
15,Internal-Nominal,1998,Vehicle,Percentile of income,40–59.9,0.573
15,Internal-Nominal,1998,Other,Percentile of income,40–59.9,0.152
15,Internal-Nominal,2001,Education,Percentile of income,40–59.9,0.268
15,Internal-Nominal,2001,Vehicle,Percentile of income,40–59.9,0.636
15,Internal-Nominal,2001,Other,Percentile of income,40–59.9,0.097
15,Internal-Nominal,2004,Education,Percentile of income,40–59.9,0.292
15,Internal-Nominal,2004,Vehicle,Percentile of income,40–59.9,0.567
15,Internal-Nominal,2004,Other,Percentile of income,40–59.9,0.14
15,Internal-Nominal,2007,Education,Percentile of income,40–59.9,0.336
15,Internal-Nominal,2007,Vehicle,Percentile of income,40–59.9,0.547
15,Internal-Nominal,2007,Other,Percentile of income,40–59.9,0.117
15,Internal-Nominal,2010,Education,Percentile of income,40–59.9,0.54
15,Internal-Nominal,2010,Vehicle,Percentile of income,40–59.9,0.343
15,Internal-Nominal,2010,Other,Percentile of income,40–59.9,0.117
15,Internal-Nominal,2013,Education,Percentile of income,40–59.9,0.523
15,Internal-Nominal,2013,Vehicle,Percentile of income,40–59.9,0.415
15,Internal-Nominal,2013,Other,Percentile of income,40–59.9,0.063
15,Internal-Nominal,2016,Education,Percentile of income,40–59.9,0.558
15,Internal-Nominal,2016,Vehicle,Percentile of income,40–59.9,0.335
15,Internal-Nominal,2016,Other,Percentile of income,40–59.9,0.107
15,Internal-Nominal,1989,Education,Percentile of income,60–79.9,0.114
15,Internal-Nominal,1989,Vehicle,Percentile of income,60–79.9,0.642
15,Internal-Nominal,1989,Other,Percentile of income,60–79.9,0.244
15,Internal-Nominal,1992,Education,Percentile of income,60–79.9,0.143
15,Internal-Nominal,1992,Vehicle,Percentile of income,60–79.9,0.677
15,Internal-Nominal,1992,Other,Percentile of income,60–79.9,0.181
15,Internal-Nominal,1995,Education,Percentile of income,60–79.9,0.169
15,Internal-Nominal,1995,Vehicle,Percentile of income,60–79.9,0.701
15,Internal-Nominal,1995,Other,Percentile of income,60–79.9,0.13
15,Internal-Nominal,1998,Education,Percentile of income,60–79.9,0.204
15,Internal-Nominal,1998,Vehicle,Percentile of income,60–79.9,0.563
15,Internal-Nominal,1998,Other,Percentile of income,60–79.9,0.233
15,Internal-Nominal,2001,Education,Percentile of income,60–79.9,0.217
15,Internal-Nominal,2001,Vehicle,Percentile of income,60–79.9,0.694
15,Internal-Nominal,2001,Other,Percentile of income,60–79.9,0.089
15,Internal-Nominal,2004,Education,Percentile of income,60–79.9,0.238
15,Internal-Nominal,2004,Vehicle,Percentile of income,60–79.9,0.611
15,Internal-Nominal,2004,Other,Percentile of income,60–79.9,0.151
15,Internal-Nominal,2007,Education,Percentile of income,60–79.9,0.327
15,Internal-Nominal,2007,Vehicle,Percentile of income,60–79.9,0.594
15,Internal-Nominal,2007,Other,Percentile of income,60–79.9,0.079
15,Internal-Nominal,2010,Education,Percentile of income,60–79.9,0.426
15,Internal-Nominal,2010,Vehicle,Percentile of income,60–79.9,0.467
15,Internal-Nominal,2010,Other,Percentile of income,60–79.9,0.107
15,Internal-Nominal,2013,Education,Percentile of income,60–79.9,0.49
15,Internal-Nominal,2013,Vehicle,Percentile of income,60–79.9,0.445
15,Internal-Nominal,2013,Other,Percentile of income,60–79.9,0.065
15,Internal-Nominal,2016,Education,Percentile of income,60–79.9,0.454
15,Internal-Nominal,2016,Vehicle,Percentile of income,60–79.9,0.442
15,Internal-Nominal,2016,Other,Percentile of income,60–79.9,0.104
15,Internal-Nominal,1989,Education,Percentile of income,80–89.9,0.047
15,Internal-Nominal,1989,Vehicle,Percentile of income,80–89.9,0.831
15,Internal-Nominal,1989,Other,Percentile of income,80–89.9,0.123
15,Internal-Nominal,1992,Education,Percentile of income,80–89.9,0.166
15,Internal-Nominal,1992,Vehicle,Percentile of income,80–89.9,0.752
15,Internal-Nominal,1992,Other,Percentile of income,80–89.9,0.082
15,Internal-Nominal,1995,Education,Percentile of income,80–89.9,0.199
15,Internal-Nominal,1995,Vehicle,Percentile of income,80–89.9,0.649
15,Internal-Nominal,1995,Other,Percentile of income,80–89.9,0.152
15,Internal-Nominal,1998,Education,Percentile of income,80–89.9,0.185
15,Internal-Nominal,1998,Vehicle,Percentile of income,80–89.9,0.588
15,Internal-Nominal,1998,Other,Percentile of income,80–89.9,0.227
15,Internal-Nominal,2001,Education,Percentile of income,80–89.9,0.193
15,Internal-Nominal,2001,Vehicle,Percentile of income,80–89.9,0.71
15,Internal-Nominal,2001,Other,Percentile of income,80–89.9,0.097
15,Internal-Nominal,2004,Education,Percentile of income,80–89.9,0.173
15,Internal-Nominal,2004,Vehicle,Percentile of income,80–89.9,0.646
15,Internal-Nominal,2004,Other,Percentile of income,80–89.9,0.182
15,Internal-Nominal,2007,Education,Percentile of income,80–89.9,0.383
15,Internal-Nominal,2007,Vehicle,Percentile of income,80–89.9,0.562
15,Internal-Nominal,2007,Other,Percentile of income,80–89.9,0.056
15,Internal-Nominal,2010,Education,Percentile of income,80–89.9,0.507
15,Internal-Nominal,2010,Vehicle,Percentile of income,80–89.9,0.446
15,Internal-Nominal,2010,Other,Percentile of income,80–89.9,0.047
15,Internal-Nominal,2013,Education,Percentile of income,80–89.9,0.469
15,Internal-Nominal,2013,Vehicle,Percentile of income,80–89.9,0.441
15,Internal-Nominal,2013,Other,Percentile of income,80–89.9,0.09
15,Internal-Nominal,2016,Education,Percentile of income,80–89.9,0.5
15,Internal-Nominal,2016,Vehicle,Percentile of income,80–89.9,0.449
15,Internal-Nominal,2016,Other,Percentile of income,80–89.9,0.051
15,Internal-Nominal,1989,Education,Percentile of income,90–100,0.063
15,Internal-Nominal,1989,Vehicle,Percentile of income,90–100,0.471
15,Internal-Nominal,1989,Other,Percentile of income,90–100,0.466
15,Internal-Nominal,1992,Education,Percentile of income,90–100,0.111
15,Internal-Nominal,1992,Vehicle,Percentile of income,90–100,0.616
15,Internal-Nominal,1992,Other,Percentile of income,90–100,0.273
15,Internal-Nominal,1995,Education,Percentile of income,90–100,0.146
15,Internal-Nominal,1995,Vehicle,Percentile of income,90–100,0.601
15,Internal-Nominal,1995,Other,Percentile of income,90–100,0.253
15,Internal-Nominal,1998,Education,Percentile of income,90–100,0.171
15,Internal-Nominal,1998,Vehicle,Percentile of income,90–100,0.555
15,Internal-Nominal,1998,Other,Percentile of income,90–100,0.274
15,Internal-Nominal,2001,Education,Percentile of income,90–100,0.218
15,Internal-Nominal,2001,Vehicle,Percentile of income,90–100,0.392
15,Internal-Nominal,2001,Other,Percentile of income,90–100,0.39
15,Internal-Nominal,2004,Education,Percentile of income,90–100,0.19
15,Internal-Nominal,2004,Vehicle,Percentile of income,90–100,0.569
15,Internal-Nominal,2004,Other,Percentile of income,90–100,0.242
15,Internal-Nominal,2007,Education,Percentile of income,90–100,0.255
15,Internal-Nominal,2007,Vehicle,Percentile of income,90–100,0.509
15,Internal-Nominal,2007,Other,Percentile of income,90–100,0.236
15,Internal-Nominal,2010,Education,Percentile of income,90–100,0.373
15,Internal-Nominal,2010,Vehicle,Percentile of income,90–100,0.437
15,Internal-Nominal,2010,Other,Percentile of income,90–100,0.19
15,Internal-Nominal,2013,Education,Percentile of income,90–100,0.404
15,Internal-Nominal,2013,Vehicle,Percentile of income,90–100,0.473
15,Internal-Nominal,2013,Other,Percentile of income,90–100,0.123
15,Internal-Nominal,2016,Education,Percentile of income,90–100,0.363
15,Internal-Nominal,2016,Vehicle,Percentile of income,90–100,0.481
15,Internal-Nominal,2016,Other,Percentile of income,90–100,0.157
15,Internal-Nominal,1989,Education,Age of head (years),Less than 35,0.207
15,Internal-Nominal,1989,Vehicle,Age of head (years),Less than 35,0.512
15,Internal-Nominal,1989,Other,Age of head (years),Less than 35,0.281
15,Internal-Nominal,1992,Education,Age of head (years),Less than 35,0.336
15,Internal-Nominal,1992,Vehicle,Age of head (years),Less than 35,0.449
15,Internal-Nominal,1992,Other,Age of head (years),Less than 35,0.215
15,Internal-Nominal,1995,Education,Age of head (years),Less than 35,0.321
15,Internal-Nominal,1995,Vehicle,Age of head (years),Less than 35,0.544
15,Internal-Nominal,1995,Other,Age of head (years),Less than 35,0.135
15,Internal-Nominal,1998,Education,Age of head (years),Less than 35,0.4
15,Internal-Nominal,1998,Vehicle,Age of head (years),Less than 35,0.416
15,Internal-Nominal,1998,Other,Age of head (years),Less than 35,0.184
15,Internal-Nominal,2001,Education,Age of head (years),Less than 35,0.358
15,Internal-Nominal,2001,Vehicle,Age of head (years),Less than 35,0.54
15,Internal-Nominal,2001,Other,Age of head (years),Less than 35,0.102
15,Internal-Nominal,2004,Education,Age of head (years),Less than 35,0.426
15,Internal-Nominal,2004,Vehicle,Age of head (years),Less than 35,0.459
15,Internal-Nominal,2004,Other,Age of head (years),Less than 35,0.115
15,Internal-Nominal,2007,Education,Age of head (years),Less than 35,0.531
15,Internal-Nominal,2007,Vehicle,Age of head (years),Less than 35,0.412
15,Internal-Nominal,2007,Other,Age of head (years),Less than 35,0.056
15,Internal-Nominal,2010,Education,Age of head (years),Less than 35,0.656
15,Internal-Nominal,2010,Vehicle,Age of head (years),Less than 35,0.257
15,Internal-Nominal,2010,Other,Age of head (years),Less than 35,0.087
15,Internal-Nominal,2013,Education,Age of head (years),Less than 35,0.684
15,Internal-Nominal,2013,Vehicle,Age of head (years),Less than 35,0.267
15,Internal-Nominal,2013,Other,Age of head (years),Less than 35,0.049
15,Internal-Nominal,2016,Education,Age of head (years),Less than 35,0.636
15,Internal-Nominal,2016,Vehicle,Age of head (years),Less than 35,0.271
15,Internal-Nominal,2016,Other,Age of head (years),Less than 35,0.093
15,Internal-Nominal,1989,Education,Age of head (years),35–44,0.08
15,Internal-Nominal,1989,Vehicle,Age of head (years),35–44,0.604
15,Internal-Nominal,1989,Other,Age of head (years),35–44,0.316
15,Internal-Nominal,1992,Education,Age of head (years),35–44,0.211
15,Internal-Nominal,1992,Vehicle,Age of head (years),35–44,0.581
15,Internal-Nominal,1992,Other,Age of head (years),35–44,0.208
15,Internal-Nominal,1995,Education,Age of head (years),35–44,0.174
15,Internal-Nominal,1995,Vehicle,Age of head (years),35–44,0.646
15,Internal-Nominal,1995,Other,Age of head (years),35–44,0.18
15,Internal-Nominal,1998,Education,Age of head (years),35–44,0.175
15,Internal-Nominal,1998,Vehicle,Age of head (years),35–44,0.569
15,Internal-Nominal,1998,Other,Age of head (years),35–44,0.257
15,Internal-Nominal,2001,Education,Age of head (years),35–44,0.255
15,Internal-Nominal,2001,Vehicle,Age of head (years),35–44,0.565
15,Internal-Nominal,2001,Other,Age of head (years),35–44,0.179
15,Internal-Nominal,2004,Education,Age of head (years),35–44,0.264
15,Internal-Nominal,2004,Vehicle,Age of head (years),35–44,0.613
15,Internal-Nominal,2004,Other,Age of head (years),35–44,0.122
15,Internal-Nominal,2007,Education,Age of head (years),35–44,0.243
15,Internal-Nominal,2007,Vehicle,Age of head (years),35–44,0.578
15,Internal-Nominal,2007,Other,Age of head (years),35–44,0.178
15,Internal-Nominal,2010,Education,Age of head (years),35–44,0.481
15,Internal-Nominal,2010,Vehicle,Age of head (years),35–44,0.375
15,Internal-Nominal,2010,Other,Age of head (years),35–44,0.144
15,Internal-Nominal,2013,Education,Age of head (years),35–44,0.545
15,Internal-Nominal,2013,Vehicle,Age of head (years),35–44,0.369
15,Internal-Nominal,2013,Other,Age of head (years),35–44,0.086
15,Internal-Nominal,2016,Education,Age of head (years),35–44,0.529
15,Internal-Nominal,2016,Vehicle,Age of head (years),35–44,0.363
15,Internal-Nominal,2016,Other,Age of head (years),35–44,0.108
15,Internal-Nominal,1989,Education,Age of head (years),45–54,0.075
15,Internal-Nominal,1989,Vehicle,Age of head (years),45–54,0.663
15,Internal-Nominal,1989,Other,Age of head (years),45–54,0.262
15,Internal-Nominal,1992,Education,Age of head (years),45–54,0.074
15,Internal-Nominal,1992,Vehicle,Age of head (years),45–54,0.689
15,Internal-Nominal,1992,Other,Age of head (years),45–54,0.237
15,Internal-Nominal,1995,Education,Age of head (years),45–54,0.184
15,Internal-Nominal,1995,Vehicle,Age of head (years),45–54,0.581
15,Internal-Nominal,1995,Other,Age of head (years),45–54,0.236
15,Internal-Nominal,1998,Education,Age of head (years),45–54,0.173
15,Internal-Nominal,1998,Vehicle,Age of head (years),45–54,0.618
15,Internal-Nominal,1998,Other,Age of head (years),45–54,0.209
15,Internal-Nominal,2001,Education,Age of head (years),45–54,0.153
15,Internal-Nominal,2001,Vehicle,Age of head (years),45–54,0.654
15,Internal-Nominal,2001,Other,Age of head (years),45–54,0.193
15,Internal-Nominal,2004,Education,Age of head (years),45–54,0.236
15,Internal-Nominal,2004,Vehicle,Age of head (years),45–54,0.633
15,Internal-Nominal,2004,Other,Age of head (years),45–54,0.13
15,Internal-Nominal,2007,Education,Age of head (years),45–54,0.272
15,Internal-Nominal,2007,Vehicle,Age of head (years),45–54,0.535
15,Internal-Nominal,2007,Other,Age of head (years),45–54,0.194
15,Internal-Nominal,2010,Education,Age of head (years),45–54,0.361
15,Internal-Nominal,2010,Vehicle,Age of head (years),45–54,0.513
15,Internal-Nominal,2010,Other,Age of head (years),45–54,0.126
15,Internal-Nominal,2013,Education,Age of head (years),45–54,0.383
15,Internal-Nominal,2013,Vehicle,Age of head (years),45–54,0.461
15,Internal-Nominal,2013,Other,Age of head (years),45–54,0.156
15,Internal-Nominal,2016,Education,Age of head (years),45–54,0.495
15,Internal-Nominal,2016,Vehicle,Age of head (years),45–54,0.384
15,Internal-Nominal,2016,Other,Age of head (years),45–54,0.121
15,Internal-Nominal,1989,Education,Age of head (years),55–64,0.039
15,Internal-Nominal,1989,Vehicle,Age of head (years),55–64,0.71
15,Internal-Nominal,1989,Other,Age of head (years),55–64,0.251
15,Internal-Nominal,1992,Education,Age of head (years),55–64,0.101
15,Internal-Nominal,1992,Vehicle,Age of head (years),55–64,0.71
15,Internal-Nominal,1992,Other,Age of head (years),55–64,0.19
15,Internal-Nominal,1995,Education,Age of head (years),55–64,0.118
15,Internal-Nominal,1995,Vehicle,Age of head (years),55–64,0.765
15,Internal-Nominal,1995,Other,Age of head (years),55–64,0.117
15,Internal-Nominal,1998,Education,Age of head (years),55–64,0.15
15,Internal-Nominal,1998,Vehicle,Age of head (years),55–64,0.679
15,Internal-Nominal,1998,Other,Age of head (years),55–64,0.171
15,Internal-Nominal,2001,Education,Age of head (years),55–64,0.146
15,Internal-Nominal,2001,Vehicle,Age of head (years),55–64,0.602
15,Internal-Nominal,2001,Other,Age of head (years),55–64,0.252
15,Internal-Nominal,2004,Education,Age of head (years),55–64,0.158
15,Internal-Nominal,2004,Vehicle,Age of head (years),55–64,0.685
15,Internal-Nominal,2004,Other,Age of head (years),55–64,0.157
15,Internal-Nominal,2007,Education,Age of head (years),55–64,0.217
15,Internal-Nominal,2007,Vehicle,Age of head (years),55–64,0.538
15,Internal-Nominal,2007,Other,Age of head (years),55–64,0.245
15,Internal-Nominal,2010,Education,Age of head (years),55–64,0.299
15,Internal-Nominal,2010,Vehicle,Age of head (years),55–64,0.429
15,Internal-Nominal,2010,Other,Age of head (years),55–64,0.272
15,Internal-Nominal,2013,Education,Age of head (years),55–64,0.301
15,Internal-Nominal,2013,Vehicle,Age of head (years),55–64,0.401
15,Internal-Nominal,2013,Other,Age of head (years),55–64,0.298
15,Internal-Nominal,2016,Education,Age of head (years),55–64,0.385
15,Internal-Nominal,2016,Vehicle,Age of head (years),55–64,0.509
15,Internal-Nominal,2016,Other,Age of head (years),55–64,0.107
15,Internal-Nominal,1989,Vehicle,Age of head (years),65–74,0.616
15,Internal-Nominal,1989,Other,Age of head (years),65–74,0.345
15,Internal-Nominal,1992,Vehicle,Age of head (years),65–74,0.573
15,Internal-Nominal,1992,Other,Age of head (years),65–74,0.338
15,Internal-Nominal,1995,Vehicle,Age of head (years),65–74,0.531
15,Internal-Nominal,1995,Other,Age of head (years),65–74,0.412
15,Internal-Nominal,1998,Vehicle,Age of head (years),65–74,0.661
15,Internal-Nominal,1998,Other,Age of head (years),65–74,0.308
15,Internal-Nominal,2001,Vehicle,Age of head (years),65–74,0.752
15,Internal-Nominal,2001,Other,Age of head (years),65–74,0.243
15,Internal-Nominal,2004,Vehicle,Age of head (years),65–74,0.72
15,Internal-Nominal,2004,Other,Age of head (years),65–74,0.274
15,Internal-Nominal,2007,Vehicle,Age of head (years),65–74,0.732
15,Internal-Nominal,2007,Other,Age of head (years),65–74,0.19
15,Internal-Nominal,2010,Education,Age of head (years),65–74,0.133
15,Internal-Nominal,2010,Vehicle,Age of head (years),65–74,0.637
15,Internal-Nominal,2010,Other,Age of head (years),65–74,0.23
15,Internal-Nominal,2013,Education,Age of head (years),65–74,0.154
15,Internal-Nominal,2013,Vehicle,Age of head (years),65–74,0.631
15,Internal-Nominal,2013,Other,Age of head (years),65–74,0.215
15,Internal-Nominal,2016,Education,Age of head (years),65–74,0.177
15,Internal-Nominal,2016,Vehicle,Age of head (years),65–74,0.644
15,Internal-Nominal,2016,Other,Age of head (years),65–74,0.179
15,Internal-Nominal,1989,Vehicle,Age of head (years),75 or more,0.262
15,Internal-Nominal,1989,Other,Age of head (years),75 or more,0.738
15,Internal-Nominal,1992,Vehicle,Age of head (years),75 or more,0.3
15,Internal-Nominal,1992,Other,Age of head (years),75 or more,0.7
15,Internal-Nominal,1995,Vehicle,Age of head (years),75 or more,0.791
15,Internal-Nominal,1998,Vehicle,Age of head (years),75 or more,0.965
15,Internal-Nominal,2001,Vehicle,Age of head (years),75 or more,0.435
15,Internal-Nominal,2004,Vehicle,Age of head (years),75 or more,0.195
15,Internal-Nominal,2007,Vehicle,Age of head (years),75 or more,0.88
15,Internal-Nominal,2010,Vehicle,Age of head (years),75 or more,0.388
15,Internal-Nominal,2010,Other,Age of head (years),75 or more,0.52
15,Internal-Nominal,2013,Vehicle,Age of head (years),75 or more,0.644
15,Internal-Nominal,2013,Other,Age of head (years),75 or more,0.195
15,Internal-Nominal,2016,Vehicle,Age of head (years),75 or more,0.627
15,Internal-Nominal,2016,Other,Age of head (years),75 or more,0.254
15,Internal-Nominal,1989,Education,Education of head,No high school diploma,0.02
15,Internal-Nominal,1989,Vehicle,Education of head,No high school diploma,0.712
15,Internal-Nominal,1989,Other,Education of head,No high school diploma,0.268
15,Internal-Nominal,1992,Education,Education of head,No high school diploma,0.041
15,Internal-Nominal,1992,Vehicle,Education of head,No high school diploma,0.614
15,Internal-Nominal,1992,Other,Education of head,No high school diploma,0.345
15,Internal-Nominal,1995,Education,Education of head,No high school diploma,0.045
15,Internal-Nominal,1995,Vehicle,Education of head,No high school diploma,0.747
15,Internal-Nominal,1995,Other,Education of head,No high school diploma,0.208
15,Internal-Nominal,1998,Education,Education of head,No high school diploma,0.053
15,Internal-Nominal,1998,Vehicle,Education of head,No high school diploma,0.74
15,Internal-Nominal,1998,Other,Education of head,No high school diploma,0.207
15,Internal-Nominal,2001,Education,Education of head,No high school diploma,0.045
15,Internal-Nominal,2001,Vehicle,Education of head,No high school diploma,0.71
15,Internal-Nominal,2001,Other,Education of head,No high school diploma,0.244
15,Internal-Nominal,2004,Education,Education of head,No high school diploma,0.081
15,Internal-Nominal,2004,Vehicle,Education of head,No high school diploma,0.7
15,Internal-Nominal,2004,Other,Education of head,No high school diploma,0.219
15,Internal-Nominal,2007,Education,Education of head,No high school diploma,0.128
15,Internal-Nominal,2007,Vehicle,Education of head,No high school diploma,0.715
15,Internal-Nominal,2007,Other,Education of head,No high school diploma,0.158
15,Internal-Nominal,2010,Education,Education of head,No high school diploma,0.124
15,Internal-Nominal,2010,Vehicle,Education of head,No high school diploma,0.594
15,Internal-Nominal,2010,Other,Education of head,No high school diploma,0.283
15,Internal-Nominal,2013,Education,Education of head,No high school diploma,0.146
15,Internal-Nominal,2013,Vehicle,Education of head,No high school diploma,0.618
15,Internal-Nominal,2013,Other,Education of head,No high school diploma,0.236
15,Internal-Nominal,2016,Education,Education of head,No high school diploma,0.197
15,Internal-Nominal,2016,Vehicle,Education of head,No high school diploma,0.65
15,Internal-Nominal,2016,Other,Education of head,No high school diploma,0.154
15,Internal-Nominal,1989,Education,Education of head,High school diploma,0.061
15,Internal-Nominal,1989,Vehicle,Education of head,High school diploma,0.755
15,Internal-Nominal,1989,Other,Education of head,High school diploma,0.184
15,Internal-Nominal,1992,Education,Education of head,High school diploma,0.103
15,Internal-Nominal,1992,Vehicle,Education of head,High school diploma,0.653
15,Internal-Nominal,1992,Other,Education of head,High school diploma,0.244
15,Internal-Nominal,1995,Education,Education of head,High school diploma,0.094
15,Internal-Nominal,1995,Vehicle,Education of head,High school diploma,0.74
15,Internal-Nominal,1995,Other,Education of head,High school diploma,0.167
15,Internal-Nominal,1998,Education,Education of head,High school diploma,0.076
15,Internal-Nominal,1998,Vehicle,Education of head,High school diploma,0.784
15,Internal-Nominal,1998,Other,Education of head,High school diploma,0.14
15,Internal-Nominal,2001,Education,Education of head,High school diploma,0.138
15,Internal-Nominal,2001,Vehicle,Education of head,High school diploma,0.751
15,Internal-Nominal,2001,Other,Education of head,High school diploma,0.112
15,Internal-Nominal,2004,Education,Education of head,High school diploma,0.126
15,Internal-Nominal,2004,Vehicle,Education of head,High school diploma,0.707
15,Internal-Nominal,2004,Other,Education of head,High school diploma,0.167
15,Internal-Nominal,2007,Education,Education of head,High school diploma,0.15
15,Internal-Nominal,2007,Vehicle,Education of head,High school diploma,0.696
15,Internal-Nominal,2007,Other,Education of head,High school diploma,0.154
15,Internal-Nominal,2010,Education,Education of head,High school diploma,0.228
15,Internal-Nominal,2010,Vehicle,Education of head,High school diploma,0.536
15,Internal-Nominal,2010,Other,Education of head,High school diploma,0.236
15,Internal-Nominal,2013,Education,Education of head,High school diploma,0.323
15,Internal-Nominal,2013,Vehicle,Education of head,High school diploma,0.535
15,Internal-Nominal,2013,Other,Education of head,High school diploma,0.142
15,Internal-Nominal,2016,Education,Education of head,High school diploma,0.333
15,Internal-Nominal,2016,Vehicle,Education of head,High school diploma,0.495
15,Internal-Nominal,2016,Other,Education of head,High school diploma,0.172
15,Internal-Nominal,1989,Education,Education of head,Some college,0.118
15,Internal-Nominal,1989,Vehicle,Education of head,Some college,0.603
15,Internal-Nominal,1989,Other,Education of head,Some college,0.279
15,Internal-Nominal,1992,Education,Education of head,Some college,0.168
15,Internal-Nominal,1992,Vehicle,Education of head,Some college,0.64
15,Internal-Nominal,1992,Other,Education of head,Some college,0.192
15,Internal-Nominal,1995,Education,Education of head,Some college,0.26
15,Internal-Nominal,1995,Vehicle,Education of head,Some college,0.574
15,Internal-Nominal,1995,Other,Education of head,Some college,0.166
15,Internal-Nominal,1998,Education,Education of head,Some college,0.21
15,Internal-Nominal,1998,Vehicle,Education of head,Some college,0.531
15,Internal-Nominal,1998,Other,Education of head,Some college,0.258
15,Internal-Nominal,2001,Education,Education of head,Some college,0.182
15,Internal-Nominal,2001,Vehicle,Education of head,Some college,0.692
15,Internal-Nominal,2001,Other,Education of head,Some college,0.126
15,Internal-Nominal,2004,Education,Education of head,Some college,0.251
15,Internal-Nominal,2004,Vehicle,Education of head,Some college,0.647
15,Internal-Nominal,2004,Other,Education of head,Some college,0.102
15,Internal-Nominal,2007,Education,Education of head,Some college,0.278
15,Internal-Nominal,2007,Vehicle,Education of head,Some college,0.524
15,Internal-Nominal,2007,Other,Education of head,Some college,0.199
15,Internal-Nominal,2010,Education,Education of head,Some college,0.492
15,Internal-Nominal,2010,Vehicle,Education of head,Some college,0.382
15,Internal-Nominal,2010,Other,Education of head,Some college,0.125
15,Internal-Nominal,2013,Education,Education of head,Some college,0.424
15,Internal-Nominal,2013,Vehicle,Education of head,Some college,0.352
15,Internal-Nominal,2013,Other,Education of head,Some college,0.224
15,Internal-Nominal,2016,Education,Education of head,Some college,0.478
15,Internal-Nominal,2016,Vehicle,Education of head,Some college,0.423
15,Internal-Nominal,2016,Other,Education of head,Some college,0.099
15,Internal-Nominal,1989,Education,Education of head,College degree,0.178
15,Internal-Nominal,1989,Vehicle,Education of head,College degree,0.417
15,Internal-Nominal,1989,Other,Education of head,College degree,0.406
15,Internal-Nominal,1992,Education,Education of head,College degree,0.318
15,Internal-Nominal,1992,Vehicle,Education of head,College degree,0.47
15,Internal-Nominal,1992,Other,Education of head,College degree,0.212
15,Internal-Nominal,1995,Education,Education of head,College degree,0.335
15,Internal-Nominal,1995,Vehicle,Education of head,College degree,0.464
15,Internal-Nominal,1995,Other,Education of head,College degree,0.201
15,Internal-Nominal,1998,Education,Education of head,College degree,0.388
15,Internal-Nominal,1998,Vehicle,Education of head,College degree,0.397
15,Internal-Nominal,1998,Other,Education of head,College degree,0.215
15,Internal-Nominal,2001,Education,Education of head,College degree,0.354
15,Internal-Nominal,2001,Vehicle,Education of head,College degree,0.416
15,Internal-Nominal,2001,Other,Education of head,College degree,0.23
15,Internal-Nominal,2004,Education,Education of head,College degree,0.35
15,Internal-Nominal,2004,Vehicle,Education of head,College degree,0.42
15,Internal-Nominal,2004,Other,Education of head,College degree,0.231
15,Internal-Nominal,2007,Education,Education of head,College degree,0.503
15,Internal-Nominal,2007,Vehicle,Education of head,College degree,0.379
15,Internal-Nominal,2007,Other,Education of head,College degree,0.117
15,Internal-Nominal,2010,Education,Education of head,College degree,0.559
15,Internal-Nominal,2010,Vehicle,Education of head,College degree,0.315
15,Internal-Nominal,2010,Other,Education of head,College degree,0.126
15,Internal-Nominal,2013,Education,Education of head,College degree,0.62
15,Internal-Nominal,2013,Vehicle,Education of head,College degree,0.31
15,Internal-Nominal,2013,Other,Education of head,College degree,0.07
15,Internal-Nominal,2016,Education,Education of head,College degree,0.607
15,Internal-Nominal,2016,Vehicle,Education of head,College degree,0.297
15,Internal-Nominal,2016,Other,Education of head,College degree,0.097
15,Internal-Nominal,1989,Education,Race or ethnicity of respondent,White non-Hispanic,0.109
15,Internal-Nominal,1989,Vehicle,Race or ethnicity of respondent,White non-Hispanic,0.585
15,Internal-Nominal,1989,Other,Race or ethnicity of respondent,White non-Hispanic,0.306
15,Internal-Nominal,1992,Education,Race or ethnicity of respondent,White non-Hispanic,0.218
15,Internal-Nominal,1992,Vehicle,Race or ethnicity of respondent,White non-Hispanic,0.553
15,Internal-Nominal,1992,Other,Race or ethnicity of respondent,White non-Hispanic,0.23
15,Internal-Nominal,1995,Education,Race or ethnicity of respondent,White non-Hispanic,0.205
15,Internal-Nominal,1995,Vehicle,Race or ethnicity of respondent,White non-Hispanic,0.614
15,Internal-Nominal,1995,Other,Race or ethnicity of respondent,White non-Hispanic,0.181
15,Internal-Nominal,1998,Education,Race or ethnicity of respondent,White non-Hispanic,0.245
15,Internal-Nominal,1998,Vehicle,Race or ethnicity of respondent,White non-Hispanic,0.537
15,Internal-Nominal,1998,Other,Race or ethnicity of respondent,White non-Hispanic,0.218
15,Internal-Nominal,2001,Education,Race or ethnicity of respondent,White non-Hispanic,0.231
15,Internal-Nominal,2001,Vehicle,Race or ethnicity of respondent,White non-Hispanic,0.582
15,Internal-Nominal,2001,Other,Race or ethnicity of respondent,White non-Hispanic,0.188
15,Internal-Nominal,2004,Education,Race or ethnicity of respondent,White non-Hispanic,0.259
15,Internal-Nominal,2004,Vehicle,Race or ethnicity of respondent,White non-Hispanic,0.563
15,Internal-Nominal,2004,Other,Race or ethnicity of respondent,White non-Hispanic,0.178
15,Internal-Nominal,2007,Education,Race or ethnicity of respondent,White non-Hispanic,0.321
15,Internal-Nominal,2007,Vehicle,Race or ethnicity of respondent,White non-Hispanic,0.521
15,Internal-Nominal,2007,Other,Race or ethnicity of respondent,White non-Hispanic,0.159
15,Internal-Nominal,2010,Education,Race or ethnicity of respondent,White non-Hispanic,0.439
15,Internal-Nominal,2010,Vehicle,Race or ethnicity of respondent,White non-Hispanic,0.4
15,Internal-Nominal,2010,Other,Race or ethnicity of respondent,White non-Hispanic,0.161
15,Internal-Nominal,2013,Education,Race or ethnicity of respondent,White non-Hispanic,0.459
15,Internal-Nominal,2013,Vehicle,Race or ethnicity of respondent,White non-Hispanic,0.382
15,Internal-Nominal,2013,Other,Race or ethnicity of respondent,White non-Hispanic,0.158
15,Internal-Nominal,2016,Education,Race or ethnicity of respondent,White non-Hispanic,0.459
15,Internal-Nominal,2016,Vehicle,Race or ethnicity of respondent,White non-Hispanic,0.402
15,Internal-Nominal,2016,Other,Race or ethnicity of respondent,White non-Hispanic,0.138
15,Internal-Nominal,1989,Education,Race or ethnicity of respondent,Black or African-American non-hispanic,0.124
15,Internal-Nominal,1989,Vehicle,Race or ethnicity of respondent,Black or African-American non-hispanic,0.652
15,Internal-Nominal,1989,Other,Race or ethnicity of respondent,Black or African-American non-hispanic,0.224
15,Internal-Nominal,1992,Education,Race or ethnicity of respondent,Black or African-American non-hispanic,0.215
15,Internal-Nominal,1992,Vehicle,Race or ethnicity of respondent,Black or African-American non-hispanic,0.606
15,Internal-Nominal,1992,Other,Race or ethnicity of respondent,Black or African-American non-hispanic,0.178
15,Internal-Nominal,1995,Education,Race or ethnicity of respondent,Black or African-American non-hispanic,0.265
15,Internal-Nominal,1995,Vehicle,Race or ethnicity of respondent,Black or African-American non-hispanic,0.514
15,Internal-Nominal,1995,Other,Race or ethnicity of respondent,Black or African-American non-hispanic,0.221
15,Internal-Nominal,1998,Education,Race or ethnicity of respondent,Black or African-American non-hispanic,0.261
15,Internal-Nominal,1998,Vehicle,Race or ethnicity of respondent,Black or African-American non-hispanic,0.622
15,Internal-Nominal,1998,Other,Race or ethnicity of respondent,Black or African-American non-hispanic,0.117
15,Internal-Nominal,2001,Education,Race or ethnicity of respondent,Black or African-American non-hispanic,0.288
15,Internal-Nominal,2001,Vehicle,Race or ethnicity of respondent,Black or African-American non-hispanic,0.646
15,Internal-Nominal,2001,Other,Race or ethnicity of respondent,Black or African-American non-hispanic,0.066
15,Internal-Nominal,2004,Education,Race or ethnicity of respondent,Black or African-American non-hispanic,0.342
15,Internal-Nominal,2004,Vehicle,Race or ethnicity of respondent,Black or African-American non-hispanic,0.429
15,Internal-Nominal,2004,Other,Race or ethnicity of respondent,Black or African-American non-hispanic,0.229
15,Internal-Nominal,2007,Education,Race or ethnicity of respondent,Black or African-American non-hispanic,0.49
15,Internal-Nominal,2007,Vehicle,Race or ethnicity of respondent,Black or African-American non-hispanic,0.429
15,Internal-Nominal,2007,Other,Race or ethnicity of respondent,Black or African-American non-hispanic,0.082
15,Internal-Nominal,2010,Education,Race or ethnicity of respondent,Black or African-American non-hispanic,0.589
15,Internal-Nominal,2010,Vehicle,Race or ethnicity of respondent,Black or African-American non-hispanic,0.303
15,Internal-Nominal,2010,Other,Race or ethnicity of respondent,Black or African-American non-hispanic,0.108
15,Internal-Nominal,2013,Education,Race or ethnicity of respondent,Black or African-American non-hispanic,0.632
15,Internal-Nominal,2013,Vehicle,Race or ethnicity of respondent,Black or African-American non-hispanic,0.317
15,Internal-Nominal,2013,Other,Race or ethnicity of respondent,Black or African-American non-hispanic,0.051
15,Internal-Nominal,2016,Education,Race or ethnicity of respondent,Black or African-American non-hispanic,0.637
15,Internal-Nominal,2016,Vehicle,Race or ethnicity of respondent,Black or African-American non-hispanic,0.322
15,Internal-Nominal,2016,Other,Race or ethnicity of respondent,Black or African-American non-hispanic,0.04
15,Internal-Nominal,1989,Education,Race or ethnicity of respondent,Hispanic or Latino,0.118
15,Internal-Nominal,1989,Vehicle,Race or ethnicity of respondent,Hispanic or Latino,0.61
15,Internal-Nominal,1989,Other,Race or ethnicity of respondent,Hispanic or Latino,0.272
15,Internal-Nominal,1992,Education,Race or ethnicity of respondent,Hispanic or Latino,0.15
15,Internal-Nominal,1992,Vehicle,Race or ethnicity of respondent,Hispanic or Latino,0.631
15,Internal-Nominal,1992,Other,Race or ethnicity of respondent,Hispanic or Latino,0.219
15,Internal-Nominal,1995,Education,Race or ethnicity of respondent,Hispanic or Latino,0.187
15,Internal-Nominal,1995,Vehicle,Race or ethnicity of respondent,Hispanic or Latino,0.697
15,Internal-Nominal,1995,Other,Race or ethnicity of respondent,Hispanic or Latino,0.116
15,Internal-Nominal,1998,Education,Race or ethnicity of respondent,Hispanic or Latino,0.173
15,Internal-Nominal,1998,Vehicle,Race or ethnicity of respondent,Hispanic or Latino,0.567
15,Internal-Nominal,1998,Other,Race or ethnicity of respondent,Hispanic or Latino,0.259
15,Internal-Nominal,2001,Education,Race or ethnicity of respondent,Hispanic or Latino,0.242
15,Internal-Nominal,2001,Vehicle,Race or ethnicity of respondent,Hispanic or Latino,0.675
15,Internal-Nominal,2001,Other,Race or ethnicity of respondent,Hispanic or Latino,0.083
15,Internal-Nominal,2004,Education,Race or ethnicity of respondent,Hispanic or Latino,0.198
15,Internal-Nominal,2004,Vehicle,Race or ethnicity of respondent,Hispanic or Latino,0.724
15,Internal-Nominal,2004,Other,Race or ethnicity of respondent,Hispanic or Latino,0.078
15,Internal-Nominal,2007,Education,Race or ethnicity of respondent,Hispanic or Latino,0.284
15,Internal-Nominal,2007,Vehicle,Race or ethnicity of respondent,Hispanic or Latino,0.656
15,Internal-Nominal,2007,Other,Race or ethnicity of respondent,Hispanic or Latino,0.061
15,Internal-Nominal,2010,Education,Race or ethnicity of respondent,Hispanic or Latino,0.271
15,Internal-Nominal,2010,Vehicle,Race or ethnicity of respondent,Hispanic or Latino,0.618
15,Internal-Nominal,2010,Other,Race or ethnicity of respondent,Hispanic or Latino,0.111
15,Internal-Nominal,2013,Education,Race or ethnicity of respondent,Hispanic or Latino,0.377
15,Internal-Nominal,2013,Vehicle,Race or ethnicity of respondent,Hispanic or Latino,0.525
15,Internal-Nominal,2013,Other,Race or ethnicity of respondent,Hispanic or Latino,0.098
15,Internal-Nominal,2016,Education,Race or ethnicity of respondent,Hispanic or Latino,0.516
15,Internal-Nominal,2016,Vehicle,Race or ethnicity of respondent,Hispanic or Latino,0.42
15,Internal-Nominal,2016,Other,Race or ethnicity of respondent,Hispanic or Latino,0.064
15,Internal-Nominal,1989,Vehicle,Race or ethnicity of respondent,Other or Multiple Race,0.628
15,Internal-Nominal,1989,Other,Race or ethnicity of respondent,Other or Multiple Race,0.26
15,Internal-Nominal,1992,Education,Race or ethnicity of respondent,Other or Multiple Race,0.121
15,Internal-Nominal,1992,Vehicle,Race or ethnicity of respondent,Other or Multiple Race,0.589
15,Internal-Nominal,1992,Other,Race or ethnicity of respondent,Other or Multiple Race,0.29
15,Internal-Nominal,1995,Education,Race or ethnicity of respondent,Other or Multiple Race,0.363
15,Internal-Nominal,1995,Vehicle,Race or ethnicity of respondent,Other or Multiple Race,0.465
15,Internal-Nominal,1995,Other,Race or ethnicity of respondent,Other or Multiple Race,0.172
15,Internal-Nominal,1998,Education,Race or ethnicity of respondent,Other or Multiple Race,0.209
15,Internal-Nominal,1998,Vehicle,Race or ethnicity of respondent,Other or Multiple Race,0.631
15,Internal-Nominal,1998,Other,Race or ethnicity of respondent,Other or Multiple Race,0.16
15,Internal-Nominal,2001,Education,Race or ethnicity of respondent,Other or Multiple Race,0.262
15,Internal-Nominal,2001,Vehicle,Race or ethnicity of respondent,Other or Multiple Race,0.415
15,Internal-Nominal,2001,Other,Race or ethnicity of respondent,Other or Multiple Race,0.322
15,Internal-Nominal,2004,Education,Race or ethnicity of respondent,Other or Multiple Race,0.164
15,Internal-Nominal,2004,Vehicle,Race or ethnicity of respondent,Other or Multiple Race,0.526
15,Internal-Nominal,2004,Other,Race or ethnicity of respondent,Other or Multiple Race,0.31
15,Internal-Nominal,2007,Education,Race or ethnicity of respondent,Other or Multiple Race,0.304
15,Internal-Nominal,2007,Vehicle,Race or ethnicity of respondent,Other or Multiple Race,0.465
15,Internal-Nominal,2007,Other,Race or ethnicity of respondent,Other or Multiple Race,0.23
15,Internal-Nominal,2010,Education,Race or ethnicity of respondent,Other or Multiple Race,0.495
15,Internal-Nominal,2010,Vehicle,Race or ethnicity of respondent,Other or Multiple Race,0.283
15,Internal-Nominal,2010,Other,Race or ethnicity of respondent,Other or Multiple Race,0.222
15,Internal-Nominal,2013,Education,Race or ethnicity of respondent,Other or Multiple Race,0.559
15,Internal-Nominal,2013,Vehicle,Race or ethnicity of respondent,Other or Multiple Race,0.348
15,Internal-Nominal,2013,Other,Race or ethnicity of respondent,Other or Multiple Race,0.093
15,Internal-Nominal,2016,Education,Race or ethnicity of respondent,Other or Multiple Race,0.552
15,Internal-Nominal,2016,Vehicle,Race or ethnicity of respondent,Other or Multiple Race,0.337
15,Internal-Nominal,2016,Other,Race or ethnicity of respondent,Other or Multiple Race,0.111
15,Internal-Nominal,1989,Education,Percentile of net worth,Less than 25,0.295
15,Internal-Nominal,1989,Vehicle,Percentile of net worth,Less than 25,0.462
15,Internal-Nominal,1989,Other,Percentile of net worth,Less than 25,0.243
15,Internal-Nominal,1992,Education,Percentile of net worth,Less than 25,0.429
15,Internal-Nominal,1992,Vehicle,Percentile of net worth,Less than 25,0.325
15,Internal-Nominal,1992,Other,Percentile of net worth,Less than 25,0.246
15,Internal-Nominal,1995,Education,Percentile of net worth,Less than 25,0.407
15,Internal-Nominal,1995,Vehicle,Percentile of net worth,Less than 25,0.396
15,Internal-Nominal,1995,Other,Percentile of net worth,Less than 25,0.197
15,Internal-Nominal,1998,Education,Percentile of net worth,Less than 25,0.532
15,Internal-Nominal,1998,Vehicle,Percentile of net worth,Less than 25,0.361
15,Internal-Nominal,1998,Other,Percentile of net worth,Less than 25,0.107
15,Internal-Nominal,2001,Education,Percentile of net worth,Less than 25,0.43
15,Internal-Nominal,2001,Vehicle,Percentile of net worth,Less than 25,0.418
15,Internal-Nominal,2001,Other,Percentile of net worth,Less than 25,0.152
15,Internal-Nominal,2004,Education,Percentile of net worth,Less than 25,0.452
15,Internal-Nominal,2004,Vehicle,Percentile of net worth,Less than 25,0.33
15,Internal-Nominal,2004,Other,Percentile of net worth,Less than 25,0.218
15,Internal-Nominal,2007,Education,Percentile of net worth,Less than 25,0.479
15,Internal-Nominal,2007,Vehicle,Percentile of net worth,Less than 25,0.325
15,Internal-Nominal,2007,Other,Percentile of net worth,Less than 25,0.196
15,Internal-Nominal,2010,Education,Percentile of net worth,Less than 25,0.654
15,Internal-Nominal,2010,Vehicle,Percentile of net worth,Less than 25,0.163
15,Internal-Nominal,2010,Other,Percentile of net worth,Less than 25,0.183
15,Internal-Nominal,2013,Education,Percentile of net worth,Less than 25,0.661
15,Internal-Nominal,2013,Vehicle,Percentile of net worth,Less than 25,0.152
15,Internal-Nominal,2013,Other,Percentile of net worth,Less than 25,0.186
15,Internal-Nominal,2016,Education,Percentile of net worth,Less than 25,0.71
15,Internal-Nominal,2016,Vehicle,Percentile of net worth,Less than 25,0.169
15,Internal-Nominal,2016,Other,Percentile of net worth,Less than 25,0.121
15,Internal-Nominal,1989,Education,Percentile of net worth,25–49.9,0.08
15,Internal-Nominal,1989,Vehicle,Percentile of net worth,25–49.9,0.717
15,Internal-Nominal,1989,Other,Percentile of net worth,25–49.9,0.203
15,Internal-Nominal,1992,Education,Percentile of net worth,25–49.9,0.147
15,Internal-Nominal,1992,Vehicle,Percentile of net worth,25–49.9,0.636
15,Internal-Nominal,1992,Other,Percentile of net worth,25–49.9,0.217
15,Internal-Nominal,1995,Education,Percentile of net worth,25–49.9,0.165
15,Internal-Nominal,1995,Vehicle,Percentile of net worth,25–49.9,0.683
15,Internal-Nominal,1995,Other,Percentile of net worth,25–49.9,0.152
15,Internal-Nominal,1998,Education,Percentile of net worth,25–49.9,0.186
15,Internal-Nominal,1998,Vehicle,Percentile of net worth,25–49.9,0.663
15,Internal-Nominal,1998,Other,Percentile of net worth,25–49.9,0.151
15,Internal-Nominal,2001,Education,Percentile of net worth,25–49.9,0.171
15,Internal-Nominal,2001,Vehicle,Percentile of net worth,25–49.9,0.725
15,Internal-Nominal,2001,Other,Percentile of net worth,25–49.9,0.104
15,Internal-Nominal,2004,Education,Percentile of net worth,25–49.9,0.272
15,Internal-Nominal,2004,Vehicle,Percentile of net worth,25–49.9,0.678
15,Internal-Nominal,2004,Other,Percentile of net worth,25–49.9,0.05
15,Internal-Nominal,2007,Education,Percentile of net worth,25–49.9,0.304
15,Internal-Nominal,2007,Vehicle,Percentile of net worth,25–49.9,0.608
15,Internal-Nominal,2007,Other,Percentile of net worth,25–49.9,0.087
15,Internal-Nominal,2010,Education,Percentile of net worth,25–49.9,0.41
15,Internal-Nominal,2010,Vehicle,Percentile of net worth,25–49.9,0.472
15,Internal-Nominal,2010,Other,Percentile of net worth,25–49.9,0.118
15,Internal-Nominal,2013,Education,Percentile of net worth,25–49.9,0.415
15,Internal-Nominal,2013,Vehicle,Percentile of net worth,25–49.9,0.497
15,Internal-Nominal,2013,Other,Percentile of net worth,25–49.9,0.089
15,Internal-Nominal,2016,Education,Percentile of net worth,25–49.9,0.444
15,Internal-Nominal,2016,Vehicle,Percentile of net worth,25–49.9,0.459
15,Internal-Nominal,2016,Other,Percentile of net worth,25–49.9,0.097
15,Internal-Nominal,1989,Education,Percentile of net worth,50–74.9,0.065
15,Internal-Nominal,1989,Vehicle,Percentile of net worth,50–74.9,0.72
15,Internal-Nominal,1989,Other,Percentile of net worth,50–74.9,0.215
15,Internal-Nominal,1992,Education,Percentile of net worth,50–74.9,0.108
15,Internal-Nominal,1992,Vehicle,Percentile of net worth,50–74.9,0.724
15,Internal-Nominal,1992,Other,Percentile of net worth,50–74.9,0.168
15,Internal-Nominal,1995,Education,Percentile of net worth,50–74.9,0.132
15,Internal-Nominal,1995,Vehicle,Percentile of net worth,50–74.9,0.728
15,Internal-Nominal,1995,Other,Percentile of net worth,50–74.9,0.14
15,Internal-Nominal,1998,Education,Percentile of net worth,50–74.9,0.156
15,Internal-Nominal,1998,Vehicle,Percentile of net worth,50–74.9,0.638
15,Internal-Nominal,1998,Other,Percentile of net worth,50–74.9,0.206
15,Internal-Nominal,2001,Education,Percentile of net worth,50–74.9,0.189
15,Internal-Nominal,2001,Vehicle,Percentile of net worth,50–74.9,0.722
15,Internal-Nominal,2001,Other,Percentile of net worth,50–74.9,0.089
15,Internal-Nominal,2004,Education,Percentile of net worth,50–74.9,0.215
15,Internal-Nominal,2004,Vehicle,Percentile of net worth,50–74.9,0.673
15,Internal-Nominal,2004,Other,Percentile of net worth,50–74.9,0.112
15,Internal-Nominal,2007,Education,Percentile of net worth,50–74.9,0.301
15,Internal-Nominal,2007,Vehicle,Percentile of net worth,50–74.9,0.605
15,Internal-Nominal,2007,Other,Percentile of net worth,50–74.9,0.094
15,Internal-Nominal,2010,Education,Percentile of net worth,50–74.9,0.34
15,Internal-Nominal,2010,Vehicle,Percentile of net worth,50–74.9,0.564
15,Internal-Nominal,2010,Other,Percentile of net worth,50–74.9,0.096
15,Internal-Nominal,2013,Education,Percentile of net worth,50–74.9,0.359
15,Internal-Nominal,2013,Vehicle,Percentile of net worth,50–74.9,0.541
15,Internal-Nominal,2013,Other,Percentile of net worth,50–74.9,0.1
15,Internal-Nominal,2016,Education,Percentile of net worth,50–74.9,0.385
15,Internal-Nominal,2016,Vehicle,Percentile of net worth,50–74.9,0.53
15,Internal-Nominal,2016,Other,Percentile of net worth,50–74.9,0.086
15,Internal-Nominal,1989,Education,Percentile of net worth,75–89.9,0.112
15,Internal-Nominal,1989,Vehicle,Percentile of net worth,75–89.9,0.516
15,Internal-Nominal,1989,Other,Percentile of net worth,75–89.9,0.373
15,Internal-Nominal,1992,Education,Percentile of net worth,75–89.9,0.106
15,Internal-Nominal,1992,Vehicle,Percentile of net worth,75–89.9,0.699
15,Internal-Nominal,1992,Other,Percentile of net worth,75–89.9,0.195
15,Internal-Nominal,1995,Education,Percentile of net worth,75–89.9,0.175
15,Internal-Nominal,1995,Vehicle,Percentile of net worth,75–89.9,0.716
15,Internal-Nominal,1995,Other,Percentile of net worth,75–89.9,0.109
15,Internal-Nominal,1998,Education,Percentile of net worth,75–89.9,0.078
15,Internal-Nominal,1998,Vehicle,Percentile of net worth,75–89.9,0.693
15,Internal-Nominal,1998,Other,Percentile of net worth,75–89.9,0.229
15,Internal-Nominal,2001,Education,Percentile of net worth,75–89.9,0.237
15,Internal-Nominal,2001,Vehicle,Percentile of net worth,75–89.9,0.651
15,Internal-Nominal,2001,Other,Percentile of net worth,75–89.9,0.112
15,Internal-Nominal,2004,Education,Percentile of net worth,75–89.9,0.189
15,Internal-Nominal,2004,Vehicle,Percentile of net worth,75–89.9,0.727
15,Internal-Nominal,2004,Other,Percentile of net worth,75–89.9,0.084
15,Internal-Nominal,2007,Education,Percentile of net worth,75–89.9,0.257
15,Internal-Nominal,2007,Vehicle,Percentile of net worth,75–89.9,0.66
15,Internal-Nominal,2007,Other,Percentile of net worth,75–89.9,0.084
15,Internal-Nominal,2010,Education,Percentile of net worth,75–89.9,0.311
15,Internal-Nominal,2010,Vehicle,Percentile of net worth,75–89.9,0.587
15,Internal-Nominal,2010,Other,Percentile of net worth,75–89.9,0.102
15,Internal-Nominal,2013,Education,Percentile of net worth,75–89.9,0.395
15,Internal-Nominal,2013,Vehicle,Percentile of net worth,75–89.9,0.57
15,Internal-Nominal,2013,Other,Percentile of net worth,75–89.9,0.036
15,Internal-Nominal,2016,Education,Percentile of net worth,75–89.9,0.322
15,Internal-Nominal,2016,Vehicle,Percentile of net worth,75–89.9,0.605
15,Internal-Nominal,2016,Other,Percentile of net worth,75–89.9,0.073
15,Internal-Nominal,1989,Education,Percentile of net worth,90–100,0.018
15,Internal-Nominal,1989,Vehicle,Percentile of net worth,90–100,0.44
15,Internal-Nominal,1989,Other,Percentile of net worth,90–100,0.542
15,Internal-Nominal,1992,Education,Percentile of net worth,90–100,0.11
15,Internal-Nominal,1992,Vehicle,Percentile of net worth,90–100,0.538
15,Internal-Nominal,1992,Other,Percentile of net worth,90–100,0.352
15,Internal-Nominal,1995,Education,Percentile of net worth,90–100,0.083
15,Internal-Nominal,1995,Vehicle,Percentile of net worth,90–100,0.513
15,Internal-Nominal,1995,Other,Percentile of net worth,90–100,0.403
15,Internal-Nominal,1998,Education,Percentile of net worth,90–100,0.063
15,Internal-Nominal,1998,Vehicle,Percentile of net worth,90–100,0.455
15,Internal-Nominal,1998,Other,Percentile of net worth,90–100,0.482
15,Internal-Nominal,2001,Education,Percentile of net worth,90–100,0.116
15,Internal-Nominal,2001,Vehicle,Percentile of net worth,90–100,0.344
15,Internal-Nominal,2001,Other,Percentile of net worth,90–100,0.54
15,Internal-Nominal,2004,Education,Percentile of net worth,90–100,0.038
15,Internal-Nominal,2004,Vehicle,Percentile of net worth,90–100,0.434
15,Internal-Nominal,2004,Other,Percentile of net worth,90–100,0.528
15,Internal-Nominal,2007,Education,Percentile of net worth,90–100,0.169
15,Internal-Nominal,2007,Vehicle,Percentile of net worth,90–100,0.476
15,Internal-Nominal,2007,Other,Percentile of net worth,90–100,0.355
15,Internal-Nominal,2010,Education,Percentile of net worth,90–100,0.113
15,Internal-Nominal,2010,Vehicle,Percentile of net worth,90–100,0.6
15,Internal-Nominal,2010,Other,Percentile of net worth,90–100,0.287
15,Internal-Nominal,2013,Education,Percentile of net worth,90–100,0.202
15,Internal-Nominal,2013,Vehicle,Percentile of net worth,90–100,0.565
15,Internal-Nominal,2013,Other,Percentile of net worth,90–100,0.233
15,Internal-Nominal,2016,Education,Percentile of net worth,90–100,0.203
15,Internal-Nominal,2016,Vehicle,Percentile of net worth,90–100,0.555
15,Internal-Nominal,2016,Other,Percentile of net worth,90–100,0.242
